human	sitelink
23	abwiki
23	acewiki
23	afwiki
23	akwiki
23	alswiki
23	amwiki
23	angwiki
23	anwiki
23	arcwiki
23	arwiki
23	arwikiquote
23	arzwiki
23	astwiki
23	awawiki
23	aywiki
23	azbwiki
23	azwiki
23	azwikiquote
23	azwikisource
23	barwiki
23	bat_smgwiki
23	bawiki
23	bclwiki
23	bewiki
23	bewikiquote
23	be_x_oldwiki
23	bgwiki
23	bgwikiquote
23	bgwikisource
23	bhwiki
23	biwiki
23	bjnwiki
23	bnwiki
23	brwiki
23	bswiki
23	bswikiquote
23	bxrwiki
23	cawiki
23	cawikiquote
23	cdowiki
23	cebwiki
23	cewiki
23	chrwiki
23	ckbwiki
23	commonswiki
23	cowiki
23	cswiki
23	cswikiquote
23	cvwiki
23	cywiki
23	dawiki
23	dewiki
23	dewikiquote
23	dvwiki
23	elwiki
23	emlwiki
23	enwiki
23	enwikiquote
23	enwikisource
23	eowiki
23	eowikiquote
23	eswiki
23	eswikiquote
23	etwiki
23	euwiki
23	fawiki
23	fawikiquote
23	fiwiki
23	fiwikiquote
23	fowiki
23	frpwiki
23	frrwiki
23	frwiki
23	frwikiquote
23	fywiki
23	gagwiki
23	ganwiki
23	gawiki
23	gdwiki
23	glwiki
23	gnwiki
23	gorwiki
23	guwiki
23	hakwiki
23	hawiki
23	hawwiki
23	hewiki
23	hewikiquote
23	hifwiki
23	hiwiki
23	hrwiki
23	hrwikiquote
23	hsbwiki
23	htwiki
23	huwiki
23	huwikiquote
23	hywiki
23	hywwiki
23	iawiki
23	idwiki
23	idwikiquote
23	ilowiki
23	iowiki
23	iswiki
23	itwiki
23	itwikiquote
23	itwikisource
23	iuwiki
23	jamwiki
23	jawiki
23	jawikisource
23	jvwiki
23	kawiki
23	kawikiquote
23	kbpwiki
23	kkwiki
23	knwiki
23	kowiki
23	kowikiquote
23	kowikisource
23	kshwiki
23	kuwiki
23	kwwiki
23	kywiki
23	lawiki
23	lbwiki
23	lfnwiki
23	lijwiki
23	liwikiquote
23	lmowiki
23	lnwiki
23	ltwiki
23	ltwikiquote
23	lvwiki
23	maiwiki
23	mgwiki
23	minwiki
23	miwiki
23	mkwiki
23	mlwiki
23	mnwiki
23	mrwiki
23	mswiki
23	mywiki
23	mznwiki
23	nahwiki
23	nawiki
23	ndswiki
23	newiki
23	newwiki
23	nlwiki
23	nlwikiquote
23	nnwiki
23	nowiki
23	nqowiki
23	nywiki
23	ocwiki
23	olowiki
23	pamwiki
23	papwiki
23	pawiki
23	plwiki
23	plwikiquote
23	pmswiki
23	pnbwiki
23	ptwiki
23	ptwikiquote
23	quwiki
23	rowiki
23	ruewiki
23	ruwiki
23	ruwikinews
23	ruwikiquote
23	rwwiki
23	sahwiki
23	satwiki
23	sawiki
23	scnwiki
23	scowiki
23	scwiki
23	shwiki
23	simplewiki
23	simplewikiquote
23	siwiki
23	skwiki
23	skwikiquote
23	slwiki
23	slwikiquote
23	sowiki
23	sqwiki
23	sqwikiquote
23	srnwiki
23	srwiki
23	srwikiquote
23	svwiki
23	swwiki
23	tawiki
23	tewiki
23	tgwiki
23	thwiki
23	thwikiquote
23	tkwiki
23	tlwiki
23	trwiki
23	trwikiquote
23	ttwiki
23	udmwiki
23	ugwiki
23	ukwiki
23	ukwikiquote
23	urwiki
23	uzwiki
23	vecwiki
23	vepwiki
23	viwiki
23	viwikiquote
23	vowiki
23	warwiki
23	wuuwiki
23	xmfwiki
23	yiwiki
23	yowiki
23	zhwiki
23	zhwikiquote
23	zh_classicalwiki
23	zh_min_nanwiki
23	zh_yuewiki
42	afwiki
42	arwiki
42	arwikiquote
42	arzwiki
42	astwiki
42	azbwiki
42	azwiki
42	azwikiquote
42	barwiki
42	bewiki
42	be_x_oldwiki
42	bgwiki
42	bgwikiquote
42	bnwiki
42	bswiki
42	bswikiquote
42	cawiki
42	cswiki
42	cswikiquote
42	cywiki
42	dawiki
42	dewiki
42	dewikiquote
42	elwiki
42	elwikiquote
42	enwiki
42	enwikiquote
42	eowiki
42	eowikiquote
42	eswiki
42	eswikiquote
42	etwiki
42	etwikiquote
42	euwiki
42	fawiki
42	fawikiquote
42	fiwiki
42	fiwikiquote
42	frwiki
42	frwikiquote
42	gawiki
42	glwiki
42	glwikiquote
42	hewiki
42	hewikiquote
42	hrwiki
42	huwiki
42	huwikiquote
42	hywiki
42	hywikiquote
42	iawiki
42	idwiki
42	iowiki
42	iswiki
42	itwiki
42	itwikiquote
42	jawiki
42	jvwiki
42	kawiki
42	kowiki
42	kwwiki
42	kywiki
42	lawiki
42	lfnwiki
42	liwikiquote
42	ltwiki
42	ltwikiquote
42	lvwiki
42	mgwiki
42	mkwiki
42	mlwiki
42	mrjwiki
42	mrwiki
42	nlwiki
42	nlwikiquote
42	nnwiki
42	nowiki
42	ocwiki
42	pawiki
42	plwiki
42	plwikiquote
42	pnbwiki
42	ptwiki
42	ptwikiquote
42	rowiki
42	ruwiki
42	ruwikiquote
42	scowiki
42	scwiki
42	shwiki
42	simplewiki
42	simplewikiquote
42	skwiki
42	skwikiquote
42	slwiki
42	sqwiki
42	srwiki
42	svwiki
42	svwikiquote
42	tawiki
42	trwiki
42	trwikiquote
42	ukwiki
42	ukwikiquote
42	urwiki
42	vepwiki
42	viwiki
42	warwiki
42	wuuwiki
42	zhwiki
42	zhwikiquote
42	zh_min_nanwiki
42	zh_yuewiki
76	abwiki
76	acewiki
76	afwiki
76	akwiki
76	alswiki
76	amwiki
76	angwiki
76	anwiki
76	arcwiki
76	arwiki
76	arwikinews
76	arwikiquote
76	arwikisource
76	arzwiki
76	astwiki
76	aswiki
76	avwiki
76	aywiki
76	azbwiki
76	azwiki
76	azwikiquote
76	azwikisource
76	banwiki
76	barwiki
76	bat_smgwiki
76	bawiki
76	bclwiki
76	bewiki
76	bewikiquote
76	be_x_oldwiki
76	bgwiki
76	bhwiki
76	biwiki
76	bjnwiki
76	bmwiki
76	bnwiki
76	bowiki
76	brwiki
76	brwikiquote
76	bswiki
76	bxrwiki
76	cawiki
76	cawikinews
76	cawikiquote
76	cbk_zamwiki
76	cdowiki
76	cebwiki
76	cewiki
76	chrwiki
76	chywiki
76	ckbwiki
76	commonswiki
76	cowiki
76	crhwiki
76	cswiki
76	cswikinews
76	cswikiquote
76	cvwiki
76	cywiki
76	cywikiquote
76	dawiki
76	dawikiquote
76	dewiki
76	dewikinews
76	dewikiquote
76	dinwiki
76	diqwiki
76	dsbwiki
76	dtywiki
76	dvwiki
76	elwiki
76	elwikinews
76	elwikisource
76	emlwiki
76	enwiki
76	enwikinews
76	enwikiquote
76	enwikisource
76	eowiki
76	eowikinews
76	eowikiquote
76	eowikisource
76	eswiki
76	eswikinews
76	eswikiquote
76	eswikisource
76	etwiki
76	euwiki
76	extwiki
76	fawiki
76	fawikinews
76	fawikiquote
76	fawikisource
76	fiwiki
76	fiwikiquote
76	fowiki
76	frpwiki
76	frrwiki
76	frwiki
76	frwikinews
76	frwikiquote
76	frwikisource
76	furwiki
76	fywiki
76	ganwiki
76	gawiki
76	gdwiki
76	glwiki
76	gnwiki
76	gomwiki
76	gotwiki
76	guwiki
76	gvwiki
76	hakwiki
76	hawiki
76	hawwiki
76	hewiki
76	hewikiquote
76	hewikisource
76	hifwiki
76	hiwiki
76	hiwikiquote
76	hrwiki
76	hsbwiki
76	htwiki
76	huwiki
76	huwikinews
76	huwikiquote
76	hywiki
76	hywwiki
76	iawiki
76	idwiki
76	idwikiquote
76	iewiki
76	igwiki
76	ilowiki
76	iowiki
76	iswiki
76	itwiki
76	itwikinews
76	itwikiquote
76	iuwiki
76	jawiki
76	jawikisource
76	jbowiki
76	jvwiki
76	kaawiki
76	kabwiki
76	kawiki
76	kawikiquote
76	kbpwiki
76	kkwiki
76	klwiki
76	kmwiki
76	knwiki
76	knwikiquote
76	kowiki
76	kowikinews
76	kowikiquote
76	kowikisource
76	kshwiki
76	kswiki
76	kuwiki
76	kwwiki
76	kywiki
76	ladwiki
76	lawiki
76	lbwiki
76	lfnwiki
76	lijwiki
76	liwiki
76	liwikiquote
76	lmowiki
76	lnwiki
76	lowiki
76	ltgwiki
76	ltwiki
76	lvwiki
76	maiwiki
76	map_bmswiki
76	mgwiki
76	mhrwiki
76	miwiki
76	mkwiki
76	mlwiki
76	mnwiki
76	mrwiki
76	mswiki
76	mtwiki
76	myvwiki
76	mywiki
76	mznwiki
76	nahwiki
76	napwiki
76	nawiki
76	ndswiki
76	nds_nlwiki
76	newiki
76	newwiki
76	nlwiki
76	nlwikinews
76	nlwikiquote
76	nnwiki
76	nowiki
76	nowikinews
76	nowikiquote
76	nqowiki
76	nrmwiki
76	nsowiki
76	nvwiki
76	nywiki
76	ocwiki
76	orwiki
76	oswiki
76	pagwiki
76	pamwiki
76	papwiki
76	pawiki
76	pdcwiki
76	pihwiki
76	plwiki
76	plwikiquote
76	plwikisource
76	pmswiki
76	pnbwiki
76	pswiki
76	ptwiki
76	ptwikinews
76	ptwikiquote
76	quwiki
76	rmwiki
76	rmywiki
76	roa_tarawiki
76	rowiki
76	ruewiki
76	ruwiki
76	ruwikinews
76	ruwikiquote
76	rwwiki
76	sahwiki
76	satwiki
76	sawiki
76	scnwiki
76	scowiki
76	scwiki
76	sdwiki
76	sewiki
76	shwiki
76	simplewiki
76	simplewikiquote
76	siwiki
76	skwiki
76	slwiki
76	sowiki
76	sqwiki
76	srnwiki
76	srwiki
76	srwikinews
76	stqwiki
76	suwiki
76	svwiki
76	svwikinews
76	svwikiquote
76	svwikisource
76	swwiki
76	szlwiki
76	tawiki
76	tawikiquote
76	tetwiki
76	tewiki
76	tgwiki
76	thwiki
76	thwikiquote
76	tkwiki
76	tlwiki
76	tpiwiki
76	trwiki
76	trwikinews
76	trwikiquote
76	trwikisource
76	ttwiki
76	tywiki
76	ugwiki
76	ukwiki
76	ukwikinews
76	ukwikiquote
76	urwiki
76	uzwiki
76	vecwiki
76	vepwiki
76	viwiki
76	viwikiquote
76	viwikisource
76	vlswiki
76	vowiki
76	warwiki
76	wawiki
76	wuuwiki
76	xmfwiki
76	yiwiki
76	yowiki
76	zeawiki
76	zhwiki
76	zhwikinews
76	zhwikiquote
76	zhwikisource
76	zh_min_nanwiki
76	zh_yuewiki
76	zuwiki
80	afwiki
80	alswiki
80	amwiki
80	anwiki
80	arwiki
80	arzwiki
80	astwiki
80	aswiki
80	azbwiki
80	azwiki
80	barwiki
80	bat_smgwiki
80	bawiki
80	bewiki
80	bewikiquote
80	be_x_oldwiki
80	bgwiki
80	bhwiki
80	bnwiki
80	brwiki
80	bswiki
80	cawiki
80	cewiki
80	ckbwiki
80	commonswiki
80	cswiki
80	cswikiquote
80	cywiki
80	dawiki
80	dewiki
80	dewikiquote
80	dtywiki
80	elwiki
80	enwiki
80	enwikiquote
80	enwikisource
80	eowiki
80	eowikiquote
80	eswiki
80	eswikiquote
80	etwiki
80	euwiki
80	fawiki
80	fiwiki
80	fiwikiquote
80	frrwiki
80	frwiki
80	frwikiquote
80	fywiki
80	gawiki
80	gdwiki
80	glwiki
80	hakwiki
80	hewiki
80	hifwiki
80	hiwiki
80	hrwiki
80	huwiki
80	hywiki
80	iawiki
80	idwiki
80	ilowiki
80	iswiki
80	itwiki
80	itwikiquote
80	jawiki
80	jvwiki
80	kawiki
80	kkwiki
80	kmwiki
80	knwiki
80	kowiki
80	kshwiki
80	kwwiki
80	kywiki
80	lawiki
80	lbwiki
80	liwiki
80	lmowiki
80	ltwiki
80	lvwiki
80	maiwiki
80	mgwiki
80	minwiki
80	mkwiki
80	mlwiki
80	mnwiki
80	mrwiki
80	mswiki
80	mtwiki
80	mywiki
80	newiki
80	newwiki
80	nlwiki
80	nnwiki
80	nowiki
80	ocwiki
80	pawiki
80	plwiki
80	plwikiquote
80	pmswiki
80	pnbwiki
80	ptwiki
80	rowiki
80	ruewiki
80	ruwiki
80	sahwiki
80	satwiki
80	scnwiki
80	scowiki
80	shwiki
80	simplewiki
80	skwiki
80	slwiki
80	sqwiki
80	srwiki
80	svwiki
80	swwiki
80	tawiki
80	tewiki
80	tgwiki
80	thwiki
80	tlwiki
80	trwiki
80	ttwiki
80	tyvwiki
80	ukwiki
80	ukwikiquote
80	urwiki
80	uzwiki
80	vecwiki
80	vepwiki
80	viwiki
80	vowiki
80	warwiki
80	wuuwiki
80	xmfwiki
80	yiwiki
80	yowiki
80	zawiki
80	zhwiki
80	zh_min_nanwiki
80	zh_yuewiki
91	acewiki
91	afwiki
91	afwikiquote
91	alswiki
91	amwiki
91	angwiki
91	anwiki
91	arwiki
91	arwikiquote
91	arzwiki
91	astwiki
91	aswikisource
91	aywiki
91	azbwiki
91	azwiki
91	azwikiquote
91	barwiki
91	bat_smgwiki
91	bawiki
91	bclwiki
91	bewiki
91	bewikiquote
91	be_x_oldwiki
91	bgwiki
91	bgwikiquote
91	bgwikisource
91	bhwiki
91	biwiki
91	bnwiki
91	bnwikisource
91	brwiki
91	bswiki
91	bswikiquote
91	bxrwiki
91	cawiki
91	cawikiquote
91	cawikisource
91	cdowiki
91	cebwiki
91	cewiki
91	ckbwiki
91	commonswiki
91	cowiki
91	cswiki
91	cswikiquote
91	cvwiki
91	cywiki
91	cywikiquote
91	dawiki
91	dawikiquote
91	dawikisource
91	dewiki
91	dewikiquote
91	dewikisource
91	diqwiki
91	dsbwiki
91	dtywiki
91	dvwiki
91	elwiki
91	elwikisource
91	enwiki
91	enwikiquote
91	enwikisource
91	eowiki
91	eowikiquote
91	eswiki
91	eswikiquote
91	eswikisource
91	etwiki
91	etwikiquote
91	euwiki
91	fawiki
91	fawikiquote
91	fiwiki
91	fiwikiquote
91	fiwikisource
91	fowiki
91	frpwiki
91	frrwiki
91	frwiki
91	frwikiquote
91	frwikisource
91	fywiki
91	gagwiki
91	ganwiki
91	gawiki
91	gcrwiki
91	gdwiki
91	glkwiki
91	glwiki
91	glwikiquote
91	gnwiki
91	gomwiki
91	guwiki
91	gvwiki
91	hakwiki
91	hawiki
91	hewiki
91	hewikiquote
91	hewikisource
91	hifwiki
91	hiwiki
91	hiwikiquote
91	hrwiki
91	hrwikiquote
91	hsbwiki
91	htwiki
91	huwiki
91	huwikiquote
91	hywiki
91	hywikiquote
91	hywwiki
91	iawiki
91	idwiki
91	idwikiquote
91	iewiki
91	ilowiki
91	iowiki
91	iswiki
91	itwiki
91	itwikiquote
91	jamwiki
91	jawiki
91	jawikiquote
91	jawikisource
91	jvwiki
91	kawiki
91	kawikiquote
91	kbpwiki
91	kkwiki
91	kmwiki
91	knwiki
91	knwikiquote
91	kowiki
91	kowikiquote
91	kowikisource
91	kuwiki
91	kuwikiquote
91	kwwiki
91	kywiki
91	ladwiki
91	lawiki
91	lbwiki
91	lezwiki
91	lfnwiki
91	lijwiki
91	liwiki
91	liwikiquote
91	lmowiki
91	lnwiki
91	lowiki
91	ltwiki
91	ltwikiquote
91	lvwiki
91	maiwiki
91	mgwiki
91	miwiki
91	mkwiki
91	mlwiki
91	mlwikiquote
91	mnwiki
91	mrwiki
91	mrwikiquote
91	mswiki
91	mywiki
91	mznwiki
91	napwiki
91	nawiki
91	ndswiki
91	newiki
91	newwiki
91	nlwiki
91	nlwikiquote
91	nnwiki
91	nowiki
91	nqowiki
91	nywiki
91	ocwiki
91	olowiki
91	omwiki
91	oswiki
91	pamwiki
91	papwiki
91	pawiki
91	plwiki
91	plwikiquote
91	plwikisource
91	pmswiki
91	pnbwiki
91	ptwiki
91	ptwikiquote
91	ptwikisource
91	quwiki
91	rmwiki
91	rowiki
91	rowikiquote
91	ruewiki
91	ruwiki
91	ruwikinews
91	ruwikiquote
91	ruwikisource
91	rwwiki
91	sahwiki
91	satwiki
91	sawiki
91	scnwiki
91	scowiki
91	scwiki
91	shwiki
91	simplewiki
91	simplewikiquote
91	siwiki
91	skwiki
91	skwikiquote
91	slwiki
91	slwikiquote
91	smwiki
91	sqwiki
91	sqwikiquote
91	srwiki
91	srwikinews
91	srwikiquote
91	stqwiki
91	svwiki
91	svwikiquote
91	swwiki
91	tawiki
91	tawikiquote
91	tewiki
91	tewikiquote
91	tgwiki
91	thwiki
91	thwikiquote
91	tlwiki
91	trwiki
91	trwikiquote
91	trwikisource
91	ttwiki
91	ukwiki
91	ukwikiquote
91	ukwikisource
91	urwiki
91	urwikiquote
91	uzwiki
91	vepwiki
91	viwiki
91	viwikiquote
91	vowiki
91	warwiki
91	wuuwiki
91	xmfwiki
91	yiwiki
91	yowiki
91	zawiki
91	zeawiki
91	zhwiki
91	zhwikiquote
91	zhwikisource
91	zh_classicalwiki
91	zh_min_nanwiki
91	zh_yuewiki
157	afwiki
157	alswiki
157	amwiki
157	anwiki
157	arwiki
157	arwikinews
157	arzwiki
157	astwiki
157	avwiki
157	azbwiki
157	azwiki
157	bclwiki
157	bewiki
157	be_x_oldwiki
157	bgwiki
157	biwiki
157	bnwiki
157	bowiki
157	brwiki
157	bswiki
157	cawiki
157	cawikinews
157	cebwiki
157	cewiki
157	ckbwiki
157	commonswiki
157	cowiki
157	cswiki
157	cswikiquote
157	cywiki
157	dawiki
157	dewiki
157	dewikinews
157	dsbwiki
157	elwiki
157	elwikiquote
157	emlwiki
157	enwiki
157	enwikinews
157	enwikiquote
157	eowiki
157	eowikinews
157	eswiki
157	eswikinews
157	eswikiquote
157	etwiki
157	euwiki
157	extwiki
157	fawiki
157	fawikiquote
157	fiwiki
157	fowiki
157	frpwiki
157	frrwiki
157	frwiki
157	frwikinews
157	frwikiquote
157	frwikisource
157	fywiki
157	gawiki
157	gdwiki
157	glwiki
157	gvwiki
157	hakwiki
157	hawiki
157	hewiki
157	hewikiquote
157	hrwiki
157	hsbwiki
157	htwiki
157	huwiki
157	hywiki
157	iawiki
157	idwiki
157	iewiki
157	iowiki
157	iswiki
157	itwiki
157	itwikinews
157	itwikiquote
157	jawiki
157	jvwiki
157	kabwiki
157	kawiki
157	kbpwiki
157	kgwiki
157	kkwiki
157	knwiki
157	kowiki
157	kuwiki
157	ladwiki
157	lawiki
157	lbwiki
157	lmowiki
157	lnwiki
157	ltwiki
157	lvwiki
157	mgwiki
157	mkwiki
157	mlwiki
157	mnwiki
157	mrwiki
157	mswiki
157	mtwiki
157	mwlwiki
157	mywiki
157	mznwiki
157	ndswiki
157	newiki
157	nlwiki
157	nlwikiquote
157	nnwiki
157	nowiki
157	nrmwiki
157	ocwiki
157	pamwiki
157	papwiki
157	pawiki
157	plwiki
157	plwikiquote
157	ptwiki
157	ptwikinews
157	quwiki
157	rowiki
157	ruwiki
157	ruwikinews
157	ruwikiquote
157	scnwiki
157	scowiki
157	sewiki
157	shwiki
157	simplewiki
157	skwiki
157	slwiki
157	sowiki
157	sqwiki
157	srwiki
157	svwiki
157	swwiki
157	szywiki
157	tawiki
157	thwiki
157	tlwiki
157	trwiki
157	tswiki
157	ttwiki
157	tywiki
157	ukwiki
157	ukwikiquote
157	urwiki
157	uzwiki
157	vecwiki
157	vepwiki
157	viwiki
157	warwiki
157	wuuwiki
157	xmfwiki
157	yiwiki
157	yowiki
157	zhwiki
157	zh_min_nanwiki
157	zh_yuewiki
181	afwiki
181	alswiki
181	amwiki
181	anwiki
181	arwiki
181	arwikiquote
181	arzwiki
181	astwiki
181	aswiki
181	azwiki
181	barwiki
181	bat_smgwiki
181	bawiki
181	bclwiki
181	bewiki
181	bewikiquote
181	be_x_oldwiki
181	bgwiki
181	bgwikiquote
181	bhwiki
181	bjnwiki
181	bnwiki
181	bowiki
181	brwiki
181	bswiki
181	bxrwiki
181	cawiki
181	cawikiquote
181	cbk_zamwiki
181	cdowiki
181	cebwiki
181	cewiki
181	ckbwiki
181	commonswiki
181	cswiki
181	cswikiquote
181	cvwiki
181	cywiki
181	cywikiquote
181	dawiki
181	dewiki
181	dewikinews
181	dewikiquote
181	diqwiki
181	dtywiki
181	dvwiki
181	elwiki
181	elwikiquote
181	emlwiki
181	enwiki
181	enwikinews
181	enwikiquote
181	enwikisource
181	eowiki
181	eswiki
181	eswikinews
181	eswikiquote
181	etwiki
181	euwiki
181	extwiki
181	fawiki
181	fawikiquote
181	fiwiki
181	fiwikiquote
181	frwiki
181	frwikinews
181	frwikiquote
181	furwiki
181	fywiki
181	gawiki
181	glwiki
181	gorwiki
181	gotwiki
181	guwiki
181	hakwiki
181	hawiki
181	hewiki
181	hewikiquote
181	hiwiki
181	hrwiki
181	htwiki
181	huwiki
181	huwikiquote
181	hywiki
181	hywikiquote
181	hywwiki
181	idwiki
181	idwikiquote
181	idwikisource
181	igwiki
181	ilowiki
181	iowiki
181	iswiki
181	itwiki
181	itwikiquote
181	iuwiki
181	jawiki
181	kaawiki
181	kawiki
181	kiwiki
181	kkwiki
181	knwiki
181	kowiki
181	kowikiquote
181	kuwiki
181	kywiki
181	lawiki
181	lbwiki
181	lezwiki
181	liwiki
181	liwikiquote
181	lmowiki
181	lrcwiki
181	ltwiki
181	ltwikiquote
181	lvwiki
181	maiwiki
181	metawiki
181	mgwiki
181	minwiki
181	mkwiki
181	mlwiki
181	mnwiki
181	mnwwiki
181	mrwiki
181	mswiki
181	mtwiki
181	mywiki
181	mznwiki
181	nahwiki
181	napwiki
181	ndswiki
181	newiki
181	nlwiki
181	nlwikinews
181	nlwikiquote
181	nnwiki
181	nowiki
181	nowikiquote
181	nywiki
181	ocwiki
181	orwiki
181	pagwiki
181	pamwiki
181	pawiki
181	plwiki
181	plwikiquote
181	pmswiki
181	pnbwiki
181	ptwiki
181	ptwikiquote
181	quwiki
181	rowiki
181	ruwiki
181	ruwikinews
181	ruwikiquote
181	sahwiki
181	satwiki
181	scnwiki
181	scowiki
181	scwiki
181	sdwiki
181	shwiki
181	simplewiki
181	simplewikiquote
181	siwiki
181	skwiki
181	slwiki
181	smwiki
181	sowiki
181	sqwiki
181	srnwiki
181	srwiki
181	srwikinews
181	srwikiquote
181	stqwiki
181	suwiki
181	svwiki
181	swwiki
181	tawiki
181	tewiki
181	tgwiki
181	thwiki
181	tkwiki
181	tlwiki
181	trwiki
181	trwikiquote
181	ugwiki
181	ukwiki
181	ukwikiquote
181	urwiki
181	uzwiki
181	vecwiki
181	vepwiki
181	viwiki
181	warwiki
181	wawiki
181	wuuwiki
181	xmfwiki
181	yiwiki
181	zhwiki
181	zhwikiquote
181	zh_classicalwiki
181	zh_min_nanwiki
181	zh_yuewiki
185	arwiki
185	astwiki
185	azwiki
185	bclwiki
185	bewiki
185	be_x_oldwiki
185	bgwiki
185	bjnwiki
185	bnwiki
185	cawiki
185	cebwiki
185	ckbwiki
185	commonswiki
185	cswiki
185	cvwiki
185	cywiki
185	dawiki
185	dewiki
185	elwiki
185	enwiki
185	enwikinews
185	enwikiquote
185	enwikisource
185	eowiki
185	eswiki
185	euwiki
185	fawiki
185	fiwiki
185	frwiki
185	gorwiki
185	hawiki
185	hewiki
185	hiwiki
185	hrwiki
185	htwiki
185	huwiki
185	hywiki
185	hywikiquote
185	idwiki
185	igwiki
185	itwiki
185	itwikiquote
185	jawiki
185	kkwiki
185	kowiki
185	lawiki
185	lbwiki
185	ltwiki
185	lvwiki
185	maiwiki
185	mgwiki
185	minwiki
185	mlwiki
185	mswiki
185	mywiki
185	ndswiki
185	nlwiki
185	nnwiki
185	nowiki
185	ocwiki
185	orwiki
185	pawiki
185	plwiki
185	plwikiquote
185	ptwiki
185	rowiki
185	ruwiki
185	ruwikinews
185	ruwikiquote
185	scowiki
185	simplewiki
185	skwiki
185	slwiki
185	sqwiki
185	srwiki
185	svwiki
185	tawiki
185	tewiki
185	tgwiki
185	thwiki
185	trwiki
185	ukwiki
185	urwiki
185	viwiki
185	wuuwiki
185	zhwiki
185	zhwikiquote
186	arwiki
186	commonswiki
186	dewiki
186	enwiki
186	frwiki
186	huwiki
186	jawiki
186	ruwiki
186	simplewiki
186	wuuwiki
186	zhwiki
192	afwiki
192	amwiki
192	anwiki
192	arwiki
192	arwikinews
192	arzwiki
192	astwiki
192	azbwiki
192	azwiki
192	bclwiki
192	bewiki
192	be_x_oldwiki
192	bgwiki
192	biwiki
192	bnwiki
192	brwiki
192	bswiki
192	cawiki
192	ckbwiki
192	cswiki
192	cswikiquote
192	cywiki
192	dawiki
192	dewiki
192	dsbwiki
192	dtywiki
192	elwiki
192	enwiki
192	enwikinews
192	enwikiquote
192	enwikisource
192	eowiki
192	eowikinews
192	eswiki
192	eswikinews
192	eswikiquote
192	etwiki
192	euwiki
192	fawiki
192	fiwiki
192	fiwikiquote
192	fowiki
192	frwiki
192	frwikinews
192	gawiki
192	gdwiki
192	glwiki
192	gvwiki
192	hakwiki
192	hawiki
192	hewiki
192	hewikiquote
192	hiwiki
192	hrwiki
192	hsbwiki
192	huwiki
192	hywiki
192	idwiki
192	iewiki
192	iowiki
192	iswiki
192	itwiki
192	itwikiquote
192	jawiki
192	jvwiki
192	kawiki
192	kkwiki
192	kowiki
192	kswiki
192	kwwiki
192	lawiki
192	lbwiki
192	liwikiquote
192	lmowiki
192	lrcwiki
192	ltwiki
192	lvwiki
192	maiwiki
192	mgwiki
192	mkwiki
192	mlwiki
192	mnwiki
192	mrwiki
192	mswiki
192	mywiki
192	mznwiki
192	newiki
192	newwiki
192	nlwiki
192	nlwikiquote
192	nnwiki
192	nowiki
192	ocwiki
192	orwiki
192	oswiki
192	pamwiki
192	pawiki
192	pihwiki
192	plwiki
192	plwikiquote
192	pnbwiki
192	ptwiki
192	ptwikinews
192	quwiki
192	rowiki
192	ruwiki
192	ruwikinews
192	ruwikiquote
192	scnwiki
192	scowiki
192	shwiki
192	simplewiki
192	skwiki
192	slwiki
192	sowiki
192	sqwiki
192	srwiki
192	srwikinews
192	svwiki
192	tawiki
192	thwiki
192	thwikiquote
192	tlwiki
192	trwiki
192	trwikinews
192	trwikiquote
192	ttwiki
192	ukwiki
192	urwiki
192	uzwiki
192	viwiki
192	warwiki
192	wuuwiki
192	yiwiki
192	yowiki
192	zhwiki
192	zh_min_nanwiki
192	zh_yuewiki
192	zuwiki
